-- Insertar 50 ejemplos "Dummys" en la tabla
INSERT INTO Producto (ID_PROD, Nombre, Valor) VALUES
    (1, 'Laptop HP', 500000),
    (2, 'Smartphone Samsung', 250000),
    (3, 'Televisor Sony', 900000),
    (4, 'Refrigerador LG', 450000),
    (5, 'Cámara Canon', 200000),
    (6, 'Tablet Apple', 300000),
    (7, 'Auriculares Bose', 150000),
    (8, 'Licuadora Oster', 50000),
    (9, 'Mesa de comedor', 350000),
    (10, 'Sofá de cuero', 700000),
    (11, 'Silla de oficina', 150000),
    (12, 'Cepillo de dientes eléctrico', 25000),
    (13, 'Horno microondas Panasonic', 90000),
    (14, 'Bicicleta Trek', 350000),
    (15, 'Zapatillas Nike', 80000),
    (16, 'Reloj Casio', 60000),
    (17, 'Impresora Epson', 120000),
    (18, 'Aspiradora Dyson', 300000),
    (19, 'Secadora de cabello', 25000),
    (20, 'Mochila North Face', 90000),
    (21, 'Cafetera Keurig', 75000),
    (22, 'Tostadora KitchenAid', 60000),
    (23, 'Lavadora Whirlpool', 450000),
    (24, 'Sartén antiadherente', 30000),
    (25, 'Hervidor de agua', 35000),
    (26, 'Robot aspirador iRobot', 350000),
    (27, 'Plancha de ropa Rowenta', 50000),
    (28, 'Altavoz Bluetooth JBL', 80000),
    (29, 'Cuchillos de cocina Wusthof', 150000),
    (30, 'Batería externa Anker', 50000),
    (31, 'Teclado inalámbrico Logitech', 60000),
    (32, 'Mouse óptico', 25000),
    (33, 'Juego de destornilladores Craftsman', 80000),
    (34, 'Linterna LED Maglite', 20000),
    (35, 'Máquina de coser Singer', 180000),
    (36, 'Mesa de billar', 1500000),
    (37, 'Silla de playa', 40000),
    (38, 'Parrilla Weber', 250000),
    (39, 'Bolso de cuero', 100000),
    (40, 'Gafas de sol Ray-Ban', 120000),
    (41, 'Taladro inalámbrico DeWalt', 100000),
    (42, 'Martillo de carpintero', 30000),
    (43, 'Escalera plegable', 80000),
    (44, 'Termo Stanley', 40000),
    (45, 'Saco de dormir Coleman', 60000),
    (46, 'Tetera de cerámica', 25000),
    (47, 'Mueble de TV', 180000),
    (48, 'Silla plegable para camping', 40000),
    (49, 'Set de cacerolas', 120000),
    (50, 'Batidora de mano', 50000);


-- Insertar 50 ejemplos "Dummys" en la tabla "Tipo_Doc"
INSERT INTO Tipo_Doc (ID_DOC, Tipo, Precio_Total) VALUES
    (1, 'Factura', 350000),
    (2, 'Boleta', 45000),
    (3, 'Factura', 890000),
    (4, 'Boleta', 120000),
    (5, 'Factura', 180000),
    (6, 'Boleta', 75000),
    (7, 'Factura', 60000),
    (8, 'Boleta', 35000),
    (9, 'Factura', 250000),
    (10, 'Boleta', 1200000),
    (11, 'Factura', 30000),
    (12, 'Boleta', 60000),
    (13, 'Factura', 800000),
    (14, 'Boleta', 450000),
    (15, 'Factura', 150000),
    (16, 'Boleta', 60000),
    (17, 'Factura', 700000),
    (18, 'Boleta', 20000),
    (19, 'Factura', 350000),
    (20, 'Boleta', 600000),
    (21, 'Factura', 90000),
    (22, 'Boleta', 150000),
    (23, 'Factura', 450000),
    (24, 'Boleta', 200000),
    (25, 'Factura', 300000),
    (26, 'Boleta', 35000),
    (27, 'Factura', 180000),
    (28, 'Boleta', 15000),
    (29, 'Factura', 500000),
    (30, 'Boleta', 400000),
    (31, 'Factura', 100000),
    (32, 'Boleta', 80000),
    (33, 'Factura', 250000),
    (34, 'Boleta', 35000),
    (35, 'Factura', 450000),
    (36, 'Boleta', 90000),
    (37, 'Factura', 60000),
    (38, 'Boleta', 250000),
    (39, 'Factura', 120000),
    (40, 'Boleta', 75000),
    (41, 'Factura', 80000),
    (42, 'Boleta', 35000),
    (43, 'Factura', 60000),
    (44, 'Boleta', 180000),
    (45, 'Factura', 1200000),
    (46, 'Boleta', 50000),
    (47, 'Factura', 90000),
    (48, 'Boleta', 450000),
    (49, 'Factura', 800000),
    (50, 'Boleta', 150000);


-- Insertar 50 ejemplos de tiendas
INSERT INTO Tienda (ID_TIENDA, Nombre) VALUES
    (1, 'ElectroHogar'),
    (2, 'Tecnología Total'),
    (3, 'Muebles Elegantes'),
    (4, 'Deportes City'),
    (5, 'Moda Chic'),
    (6, 'Decoración del Hogar'),
    (7, 'Gadgets y Electrónica'),
    (8, 'Aventuras al Aire Libre'),
    (9, 'Cocina Maestra'),
    (10, 'Calzado Estilizado'),
    (11, 'Mascotas Felices'),
    (12, 'Librería Cultural'),
    (13, 'Bienestar y Salud'),
    (14, 'Mundo Musical'),
    (15, 'Arte y Creatividad'),
    (16, 'Juguetes Divertidos'),
    (17, 'Joyas Elegantes'),
    (18, 'Herramientas y Ferretería'),
    (19, 'Bebés y Niños'),
    (20, 'Fitness Pro Shop'),
    (21, 'Supermercado Familiar'),
    (22, 'Material de Oficina'),
    (23, 'Jardín y Paisajismo'),
    (24, 'Camping y Aventura'),
    (25, 'Electrodomésticos Plus'),
    (26, 'Belleza y Cosméticos'),
    (27, 'Electrónica Premium'),
    (28, 'Deportes Fanáticos'),
    (29, 'Moda Trendy'),
    (30, 'Para Tus Mascotas'),
    (31, 'Sonidos Musicales'),
    (32, 'Hogar y Comodidad'),
    (33, 'Arte y Diseño'),
    (34, 'Juguetes y Diversión'),
    (35, 'Bijouterie Fina'),
    (36, 'Herramientas Pro'),
    (37, 'Rincón de los Bebés'),
    (38, 'Salud y Fitness'),
    (39, 'Compras de Supermercado'),
    (40, 'Material de Oficina'),
    (41, 'Vida al Aire Libre'),
    (42, 'Campamento y Exploración'),
    (43, 'Electrodomésticos de Lujo'),
    (44, 'Belleza y Estilo'),
    (45, 'Tecnología Innovadora'),
    (46, 'Equipos Deportivos'),
    (47, 'Moda Fashion'),
    (48, 'Para Tus Mascotas'),
    (49, 'Música en Tu Vida'),
    (50, 'Decoración para el Hogar');


-- Insertar 50 ejemplos de empleados
INSERT INTO Empleado (ID_EMPLEADO, Nombre) VALUES
    (1, 'Juan Pérez'),
    (2, 'Ana González'),
    (3, 'Pedro Rodríguez'),
    (4, 'María López'),
    (5, 'Carlos Sánchez'),
    (6, 'Laura Martínez'),
    (7, 'Diego Ramírez'),
    (8, 'Isabel Fernández'),
    (9, 'Luis Torres'),
    (10, 'Carmen Herrera'),
    (11, 'Andrés Castro'),
    (12, 'Sofía Vargas'),
    (13, 'Miguel Díaz'),
    (14, 'Elena Ruiz'),
    (15, 'Javier González'),
    (16, 'Paola Pérez'),
    (17, 'Roberto Mendoza'),
    (18, 'Natalia Silva'),
    (19, 'Ricardo López'),
    (20, 'Verónica Ramos'),
    (21, 'Marta López'),
    (22, 'José Martínez'),
    (23, 'Laura González'),
    (24, 'Carlos Ramírez'),
    (25, 'Isabel Pérez'),
    (26, 'Antonio Torres'),
    (27, 'Sofía Fernández'),
    (28, 'Luisa Castro'),
    (29, 'Daniel Vargas'),
    (30, 'Valentina Díaz'),
    (31, 'Pedro Silva'),
    (32, 'María Sánchez'),
    (33, 'Juan González'),
    (34, 'Andrea Martínez'),
    (35, 'Manuel Pérez'),
    (36, 'Javier Ramírez'),
    (37, 'Camila López'),
    (38, 'Lucas González'),
    (39, 'Daniela Martínez'),
    (40, 'Fernando Ramírez'),
    (41, 'Natalia López'),
    (42, 'Carlos Martínez'),
    (43, 'Sofía Ramírez'),
    (44, 'Luis González'),
    (45, 'Ana Ramírez'),
    (46, 'Felipe Martínez'),
    (47, 'Catalina Pérez'),
    (48, 'Juan Silva'),
    (49, 'Isabella Díaz'),
    (50, 'Miguel Sánchez');

-- Insertar 50 ejemplos de comunas
INSERT INTO Comuna (ID_COMUNA, Localidad_Nombre) VALUES
    (1, 'Santiago Centro'),
    (2, 'Concepción Centro'),
    (3, 'Valparaíso Centro'),
    (4, 'Viña del Mar Centro'),
    (5, 'Maipú'),
    (6, 'La Florida'),
    (7, 'Antofagasta Centro'),
    (8, 'Las Condes'),
    (9, 'Puente Alto'),
    (10, 'La Serena Centro'),
    (11, 'Temuco Centro'),
    (12, 'Rancagua Centro'),
    (13, 'Talca Centro'),
    (14, 'Arica Centro'),
    (15, 'Chillán Centro'),
    (16, 'Iquique Centro'),
    (17, 'Calama Centro'),
    (18, 'Coquimbo Centro'),
    (19, 'Punta Arenas Centro'),
    (20, 'Osorno Centro'),
    (21, 'Quilpué'),
    (22, 'Copiapó Centro'),
    (23, 'Los Ángeles Centro'),
    (24, 'Curicó Centro'),
    (25, 'Castro Centro'),
    (26, 'Ovalle Centro'),
    (27, 'Quillota Centro'),
    (28, 'San Felipe Centro'),
    (29, 'Linares Centro'),
    (30, 'Villarrica'),
    (31, 'Los Andes Centro'),
    (32, 'La Ligua'),
    (33, 'San Antonio'),
    (34, 'Pichilemu'),
    (35, 'Curanilahue'),
    (36, 'Mulchén'),
    (37, 'Tomé'),
    (38, 'Angol'),
    (39, 'Vicuña'),
    (40, 'San Carlos'),
    (41, 'Río Bueno'),
    (42, 'San Vicente'),
    (43, 'Cauquenes'),
    (44, 'Panguipulli'),
    (45, 'Putaendo'),
    (46, 'Purén'),
    (47, 'Cabrero'),
    (48, 'Constitución'),
    (49, 'Lebu'),
    (50, 'La Unión');


-- Insertar 50 ejemplos en la tabla Vendedor con IDs de Vendedor y Empleado
INSERT INTO Vendedor (ID_VENDEDOR, ID_EMPLEADO) VALUES
    (7, 12),
    (18, 38),
    (32, 43),
    (4, 29),
    (16, 10),
    (26, 27),
    (36, 47),
    (48, 17),
    (14, 2),
    (35, 11),
    (15, 41),
    (40, 6),
    (27, 1),
    (8, 50),
    (19, 28),
    (11, 19),
    (24, 42),
    (29, 46),
    (21, 33),
    (37, 8),
    (9, 4),
    (28, 22),
    (46, 30),
    (45, 31),
    (38, 9),
    (12, 3),
    (43, 39),
    (22, 36),
    (44, 26),
    (20, 15),
    (5, 40),
    (3, 20),
    (50, 16),
    (34, 7),
    (25, 48),
    (31, 45),
    (49, 35),
    (6, 5),
    (47, 23),
    (17, 34),
    (30, 14),
    (23, 21),
    (10, 44),
    (1, 13),
    (41, 24),
    (33, 37),
    (2, 32),
    (42, 25),
    (13, 18),
    (39, 49);

-- Insertar 50 ejemplos de ventas
INSERT INTO Venta (ID_VENTA, ID_DOC, ID_TIENDA, Fecha) VALUES
    (1, 24, 2, '2019-01-15'),
    (2, 6, 18, '2019-02-20'),
    (3, 19, 3, '2019-03-10'),
    (4, 33, 12, '2019-04-05'),
    (5, 28, 48, '2019-05-12'),
    (6, 5, 29, '2019-06-18'),
    (7, 36, 26, '2019-07-25'),
    (8, 1, 38, '2019-08-30'),
    (9, 16, 14, '2019-09-02'),
    (10, 10, 31, '2019-10-10'),
    (11, 35, 27, '2019-11-15'),
    (12, 32, 41, '2019-12-20'),
    (13, 20, 7, '2020-01-10'),
    (14, 30, 37, '2020-02-05'),
    (15, 9, 25, '2020-03-12'),
    (16, 40, 15, '2020-04-18'),
    (17, 2, 23, '2020-05-25'),
    (18, 37, 44, '2020-06-30'),
    (19, 11, 13, '2020-07-02'),
    (20, 47, 22, '2020-08-10'),
    (21, 14, 50, '2020-09-15'),
    (22, 17, 19, '2020-10-20'),
    (23, 46, 45, '2020-11-25'),
    (24, 22, 40, '2020-12-30'),
    (25, 45, 11, '2021-01-05'),
    (26, 15, 24, '2021-02-10'),
    (27, 27, 16, '2021-03-15'),
    (28, 26, 36, '2021-04-20'),
    (29, 29, 4, '2021-05-25'),
    (30, 3, 30, '2021-06-30'),
    (31, 39, 33, '2021-07-05'),
    (32, 12, 28, '2021-08-10'),
    (33, 34, 46, '2021-09-15'),
    (34, 4, 5, '2021-10-20'),
    (35, 8, 21, '2021-11-25'),
    (36, 44, 6, '2021-12-30'),
    (37, 21, 20, '2022-01-05'),
    (38, 42, 49, '2022-02-10'),
    (39, 25, 47, '2022-03-15'),
    (40, 18, 8, '2022-04-20'),
    (41, 23, 9, '2022-05-25'),
    (42, 7, 1, '2022-06-30'),
    (43, 31, 42, '2022-07-05'),
    (44, 38, 10, '2022-08-10'),
    (45, 50, 43, '2022-09-15'),
    (46, 48, 35, '2022-10-20'),
    (47, 43, 32, '2022-11-25'),
    (48, 13, 34, '2022-12-30'),
    (49, 41, 39, '2023-01-05'),
    (50, 49, 17, '2023-02-10');


-- Insertar 100 ejemplos en la tabla Prod_Venta
INSERT INTO Prod_Venta (ID_PROD, ID_VENTA, ID_VENDEDOR)
VALUES
    (7, 16, 26),
    (3, 4, 10),
    (29, 41, 24),
    (42, 38, 31),
    (13, 14, 15),
    (2, 44, 19),
    (35, 22, 28),
    (25, 33, 50),
    (18, 2, 34),
    (11, 28, 47),
    (16, 29, 23),
    (31, 49, 43),
    (38, 17, 9),
    (44, 47, 20),
    (46, 21, 48),
    (50, 36, 25),
    (4, 7, 27),
    (27, 43, 3),
    (8, 39, 40),
    (6, 8, 32),
    (10, 26, 13),
    (9, 30, 46),
    (21, 37, 6),
    (33, 6, 29),
    (23, 50, 14),
    (14, 48, 37),
    (17, 5, 5),
    (30, 19, 11),
    (22, 9, 35),
    (1, 13, 38),
    (15, 10, 42),
    (48, 45, 21),
    (39, 46, 22),
    (26, 20, 44),
    (12, 12, 7),
    (19, 42, 33),
    (37, 27, 4),
    (45, 34, 16),
    (20, 1, 1),
    (32, 3, 17),
    (5, 11, 12),
    (36, 31, 18),
    (24, 15, 30),
    (49, 35, 39),
    (28, 40, 8),
    (34, 25, 45),
    (40, 23, 36),
    (41, 32, 2),
    (47, 18, 49),
    (43, 24, 41),
    (4, 6, 6),
    (50, 48, 50),
    (31, 47, 13),
    (6, 8, 30),
    (26, 50, 24),
    (23, 43, 25),
    (35, 29, 2),
    (10, 17, 31),
    (16, 20, 48),
    (1, 1, 7),
    (12, 21, 29),
    (27, 33, 47),
    (2, 5, 18),
    (13, 42, 36),
    (28, 10, 15),
    (22, 45, 14),
    (33, 16, 4),
    (9, 2, 12),
    (41, 34, 35),
    (36, 9, 37),
    (14, 11, 33),
    (18, 37, 22),
    (44, 39, 6),
    (7, 12, 3),
    (49, 7, 19),
    (29, 31, 49),
    (19, 44, 10),
    (48, 14, 9),
    (3, 4, 44),
    (45, 22, 5),
    (25, 21, 8),
    (8, 27, 17),
    (15, 15, 38),
    (32, 46, 32),
    (11, 47, 46),
    (30, 48, 42),
    (34, 19, 23),
    (46, 13, 26),
    (37, 35, 45),
    (21, 26, 16),
    (42, 38, 37),
    (5, 28, 40),
    (24, 40, 27),
    (17, 3, 28),
    (40, 30, 11),
    (38, 36, 20),
    (47, 32, 41),
    (6, 1, 14),
    (43, 24, 1),
    (2, 50, 47),
    (39, 49, 50),
    (20, 7, 9);

-- Insertar 50 ejemplos en la tabla Sueldo
INSERT INTO Sueldo (ID_SUELDO, CANTIDAD, fecha_pago, ID_EMPLEADO) VALUES
    (1, 1000000, '2020-01-15', 5),
    (2, 750000, '2020-02-20', 24),
    (3, 1250000, '2020-03-10', 36),
    (4, 900000, '2020-04-05', 19),
    (5, 1100000, '2020-05-12', 47),
    (6, 600000, '2020-06-18', 2),
    (7, 1400000, '2020-07-25', 8),
    (8, 800000, '2020-08-30', 32),
    (9, 700000, '2020-09-02', 31),
    (10, 1200000, '2020-10-10', 10),
    (11, 1300000, '2020-11-15', 27),
    (12, 950000, '2020-12-20', 43),
    (13, 550000, '2021-01-10', 21),
    (14, 1400000, '2021-02-05', 4),
    (15, 700000, '2021-03-12', 13),
    (16, 1100000, '2021-04-18', 6),
    (17, 800000, '2021-05-25', 30),
    (18, 1250000, '2021-06-30', 18),
    (19, 600000, '2021-07-02', 40),
    (20, 750000, '2021-08-10', 38),
    (21, 1350000, '2021-09-15', 45),
    (22, 500000, '2021-10-20', 15),
    (23, 900000, '2021-11-25', 22),
    (24, 1000000, '2021-12-30', 46),
    (25, 1100000, '2020-01-05', 29),
    (26, 700000, '2020-02-10', 11),
    (27, 1400000, '2020-03-15', 25),
    (28, 950000, '2020-04-20', 12),
    (29, 550000, '2020-05-25', 14),
    (30, 800000, '2020-06-30', 50),
    (31, 600000, '2020-07-05', 37),
    (32, 1250000, '2020-08-10', 9),
    (33, 750000, '2020-09-15', 26),
    (34, 1350000, '2020-10-20', 44),
    (35, 500000, '2020-11-25', 35),
    (36, 1300000, '2020-12-30', 1),
    (37, 1200000, '2021-01-05', 20),
    (38, 1000000, '2021-02-10', 34),
    (39, 1400000, '2021-03-15', 16),
    (40, 950000, '2021-04-20', 23),
    (41, 550000, '2021-05-25', 7),
    (42, 700000, '2021-06-30', 3),
    (43, 800000, '2021-07-05', 28),
    (44, 1100000, '2021-08-10', 42),
    (45, 1350000, '2021-09-15', 48),
    (46, 900000, '2021-10-20', 33),
    (47, 1250000, '2021-11-25', 49),
    (48, 600000, '2021-12-30', 39),
    (49, 750000, '2023-01-05', 17),
    (50, 500000, '2023-02-10', 41),
    (51, 1000000, '2022-03-15', 5),
    (52, 750000, '2022-04-20', 24),
    (53, 1250000, '2019-05-12', 36),
    (54, 900000, '2019-06-18', 19),
    (55, 1100000, '2019-07-25', 47),
    (56, 600000, '2019-08-30', 2),
    (57, 1400000, '2019-09-02', 8),
    (58, 800000, '2019-10-10', 32),
    (59, 700000, '2022-11-15', 31),
    (60, 1200000, '2022-12-20', 10);

-- Insertar 50 ejemplos en la tabla Tienda_Empleado
INSERT INTO Tienda_Empleado (ID_TIENDA, ID_EMPLEADO) VALUES
    (2, 29),
    (36, 10),
    (47, 19),
    (12, 46),
    (21, 6),
    (5, 27),
    (8, 2),
    (44, 13),
    (16, 39),
    (28, 41),
    (3, 3),
    (33, 33),
    (7, 7),
    (23, 11),
    (15, 26),
    (14, 24),
    (35, 35),
    (34, 18),
    (9, 22),
    (31, 8),
    (20, 14),
    (40, 44),
    (37, 47),
    (38, 49),
    (17, 5),
    (10, 30),
    (45, 42),
    (42, 32),
    (6, 12),
    (49, 9),
    (48, 23),
    (11, 50),
    (18, 16),
    (25, 15),
    (46, 40),
    (32, 28),
    (4, 36),
    (13, 25),
    (1, 38),
    (19, 34),
    (30, 21),
    (22, 31),
    (50, 37),
    (27, 48),
    (26, 20),
    (24, 4),
    (29, 45),
    (43, 17),
    (39, 1),
    (41, 43);

-- Insertar 50 ejemplos en la tabla Empleado_Comuna
INSERT INTO Empleado_Comuna (ID_COMUNA, ID_EMPLEADO) VALUES
    (36, 1),
    (2, 2),
    (33, 3),
    (10, 4),
    (6, 5),
    (23, 6),
    (12, 7),
    (28, 8),
    (15, 9),
    (22, 10),
    (30, 11),
    (17, 12),
    (35, 13),
    (3, 14),
    (19, 15),
    (9, 16),
    (45, 17),
    (38, 18),
    (29, 19),
    (16, 20),
    (14, 21),
    (48, 22),
    (21, 23),
    (13, 24),
    (42, 25),
    (26, 26),
    (31, 27),
    (41, 28),
    (7, 29),
    (34, 30),
    (20, 31),
    (37, 32),
    (27, 33),
    (25, 34),
    (40, 35),
    (11, 36),
    (50, 37),
    (24, 38),
    (47, 39),
    (46, 40),
    (4, 41),
    (8, 42),
    (44, 43),
    (32, 44),
    (5, 45),
    (39, 46),
    (1, 47),
    (18, 48),
    (43, 49),
    (49, 50);

-- Insertar 50 ejemplos en la tabla Tienda_Comuna
INSERT INTO Tienda_Comuna (ID_TIENDA, ID_COMUNA) VALUES
    (2, 36),
    (36, 2),
    (47, 33),
    (12, 10),
    (21, 6),
    (5, 23),
    (8, 12),
    (44, 28),
    (16, 15),
    (28, 22),
    (3, 30),
    (33, 17),
    (7, 35),
    (23, 3),
    (15, 19),
    (14, 9),
    (35, 45),
    (34, 38),
    (9, 29),
    (31, 16),
    (20, 14),
    (40, 48),
    (37, 21),
    (38, 13),
    (17, 42),
    (10, 26),
    (45, 31),
    (42, 41),
    (6, 7),
    (49, 34),
    (48, 20),
    (11, 37),
    (18, 27),
    (25, 25),
    (46, 40),
    (32, 11),
    (4, 50),
    (13, 24),
    (1, 47),
    (19, 46),
    (30, 4),
    (22, 8),
    (50, 44),
    (27, 5),
    (26, 39),
    (24, 1),
    (29, 18),
    (43, 43),
    (39, 49),
    (41, 30);

