-- Inserción de productos
INSERT INTO Producto (ID_PROD, nombre, valor) VALUES
    (1, 'Smartphone', 599),
    (2, 'Laptop', 899),
    (3, 'Televisor', 499),
    (4, 'Tablet', 299),
    (5, 'Refrigeradora', 799),
    (6, 'Lavadora', 449),
    (7, 'Licuadora', 39),
    (8, 'Horno de Microondas', 89),
    (9, 'Cafetera', 29),
    (10, 'Tostadora', 19),
    (11, 'Aspiradora', 79),
    (12, 'Caminadora', 999),
    (13, 'Set de Pesas', 59),
    (14, 'Bicicleta', 249),
    (15, 'Zapatillas', 79),
    (16, 'Zapatos de Vestir', 129),
    (17, 'Camiseta', 15),
    (18, 'Jeans', 39),
    (19, 'Chaqueta', 79),
    (20, 'Lentes de Sol', 25),
    (21, 'Cámara Digital', 249),
    (22, 'Audífonos', 49),
    (23, 'Altavoz Inalámbrico', 69),
    (24, 'Batería Externa', 19),
    (25, 'Mochila', 29),
    (26, 'Consola de Videojuegos', 349),
    (27, 'Juego de Mesa', 19),
    (28, 'Dron', 199),
    (29, 'Guitarra', 149),
    (30, 'Teclado', 89),
    (31, 'Impresora', 59),
    (32, 'Silla de Escritorio', 69),
    (33, 'Escritorio', 99),
    (34, 'Cama', 149),
    (35, 'Colchón', 199),
    (36, 'Mesa de Comedor', 79),
    (37, 'Sofá', 299),
    (38, 'Estantería', 49),
    (39, 'Lector Electrónico', 79),
    (40, 'Set de Artículos de Arte', 29),
    (41, 'Cochecito para Bebés', 89),
    (42, 'Paquete de Pañales', 19),
    (43, 'Comida para Mascotas', 15),
    (44, 'Collar y Correa', 9),
    (45, 'Acuario', 39),
    (46, 'Maceta', 5),
    (47, 'Lienzo para Pintura', 8),
    (48, 'Caja de Herramientas', 29),
    (49, 'Tienda de Campaña', 69),
    (50, 'Caña de Pescar', 39);



-- Insertar 50 ejemplos "Dummys" en la tabla "Tipo_Doc"
INSERT INTO Tipo_Doc (ID_DOC, Tipo, Precio_Total) VALUES
    (1, 'Factura', 350000),
    (2, 'Boleta', 45000),
    (3, 'Factura', 890000),
    (4, 'Boleta', 120000),
    (5, 'Factura', 180000),
    (6, 'Boleta', 75000),
    (7, 'Factura', 60000),
    (8, 'Boleta', 35000),
    (9, 'Factura', 250000),
    (10, 'Boleta', 1200000),
    (11, 'Factura', 30000),
    (12, 'Boleta', 60000),
    (13, 'Factura', 800000),
    (14, 'Boleta', 450000),
    (15, 'Factura', 150000),
    (16, 'Boleta', 60000),
    (17, 'Factura', 700000),
    (18, 'Boleta', 20000),
    (19, 'Factura', 350000),
    (20, 'Boleta', 600000),
    (21, 'Factura', 90000),
    (22, 'Boleta', 150000),
    (23, 'Factura', 450000),
    (24, 'Boleta', 200000),
    (25, 'Factura', 300000),
    (26, 'Boleta', 35000),
    (27, 'Factura', 180000),
    (28, 'Boleta', 15000),
    (29, 'Factura', 500000),
    (30, 'Boleta', 400000),
    (31, 'Factura', 100000),
    (32, 'Boleta', 80000),
    (33, 'Factura', 250000),
    (34, 'Boleta', 35000),
    (35, 'Factura', 450000),
    (36, 'Boleta', 90000),
    (37, 'Factura', 60000),
    (38, 'Boleta', 250000),
    (39, 'Factura', 120000),
    (40, 'Boleta', 75000),
    (41, 'Factura', 80000),
    (42, 'Boleta', 35000),
    (43, 'Factura', 60000),
    (44, 'Boleta', 180000),
    (45, 'Factura', 1200000),
    (46, 'Boleta', 50000),
    (47, 'Factura', 90000),
    (48, 'Boleta', 450000),
    (49, 'Factura', 800000),
    (50, 'Boleta', 150000),
    (51, 'Factura', 350000),
    (52, 'Boleta', 45000),
    (53, 'Factura', 890000),
    (54, 'Boleta', 120000),
    (55, 'Factura', 180000),
    (56, 'Boleta', 75000),
    (57, 'Factura', 60000),
    (58, 'Boleta', 35000),
    (59, 'Factura', 250000),
    (60, 'Boleta', 1200000),
    (61, 'Factura', 30000),
    (62, 'Boleta', 60000),
    (63, 'Factura', 800000),
    (64, 'Boleta', 450000),
    (65, 'Factura', 150000),
    (66, 'Boleta', 60000),
    (67, 'Factura', 700000),
    (68, 'Boleta', 20000),
    (69, 'Factura', 350000),
    (70, 'Boleta', 600000),
    (71, 'Factura', 90000),
    (72, 'Boleta', 150000),
    (73, 'Factura', 450000),
    (74, 'Boleta', 200000),
    (75, 'Factura', 300000),
    (76, 'Boleta', 35000),
    (77, 'Factura', 180000),
    (78, 'Boleta', 15000),
    (79, 'Factura', 500000),
    (80, 'Boleta', 400000),
    (81, 'Factura', 100000),
    (82, 'Boleta', 80000),
    (83, 'Factura', 250000),
    (84, 'Boleta', 35000),
    (85, 'Factura', 450000),
    (86, 'Boleta', 90000),
    (87, 'Factura', 60000),
    (88, 'Boleta', 250000),
    (89, 'Factura', 120000),
    (90, 'Boleta', 75000),
    (91, 'Factura', 80000),
    (92, 'Boleta', 35000),
    (93, 'Factura', 60000),
    (94, 'Boleta', 180000),
    (95, 'Factura', 1200000),
    (96, 'Boleta', 50000),
    (97, 'Factura', 90000),
    (98, 'Boleta', 450000),
    (99, 'Factura', 800000),
    (100, 'Boleta', 150000);


-- Inserción de tiendas
INSERT INTO Tienda (ID_TIENDA, nombre) VALUES
    (1, 'ElectroMart'),
    (2, 'Fashion World'),
    (3, 'Gadget Haven'),
    (4, 'Home Essentials'),
    (5, 'Healthy Bites'),
    (6, 'Style Central'),
    (7, 'Tech Trends'),
    (8, 'Outdoor Gear'),
    (9, 'Book Nook'),
    (10, 'Pet Paradise'),
    (11, 'Jewel Palace'),
    (12, 'Sports Zone'),
    (13, 'Kids Kingdom'),
    (14, 'Auto Express'),
    (15, 'Artistic Creations');


-- Inserción de cargos en tiendas comerciales
INSERT INTO Cargo (ID_CARGO, nombre_cargo) VALUES
    (1, 'Gerente'),
    (2, 'Subgerente'),
    (3, 'Encargado de Ventas'),
    (4, 'Cajero'),
    (5, 'Vendedor'),
    (6, 'Almacenero'),
    (7, 'Reponedor'),
    (8, 'Supervisor de Tienda'),
    (9, 'Recursos Humanos'),
    (10, 'Limpieza');


-- Inserción de empleados
INSERT INTO Empleado (ID_EMPLEADO, nombre, ID_CARGO) VALUES
    (1, 'Ana Rodríguez', 1),
    (2, 'Luis Martínez', 2),
    (3, 'María González', 3),
    (4, 'Carlos López', 4),
    (5, 'Laura Pérez', 5),
    (6, 'Javier Rodríguez', 6),
    (7, 'Andrea López', 7),
    (8, 'Daniel Fernández', 8),
    (9, 'Carmen Martínez', 9),
    (10, 'Manuel García', 10),
    (11, 'Sofía Torres', 1),
    (12, 'Pedro González', 2),
    (13, 'Isabella Fernández', 3),
    (14, 'Juan Ramírez', 4),
    (15, 'Valentina Ruiz', 5),
    (16, 'Miguel Torres', 6),
    (17, 'Paula Rodríguez', 7),
    (18, 'Alejandro Sánchez', 8),
    (19, 'Diana Morales', 9),
    (20, 'Raúl Martínez', 10),
    (21, 'Ana Navarro', 1),
    (22, 'José Pérez', 2),
    (23, 'Elena Martínez', 3),
    (24, 'David García', 4),
    (25, 'Carolina López', 5),
    (26, 'Fernando Torres', 6),
    (27, 'Julia Ramírez', 7),
    (28, 'Héctor Rodríguez', 8),
    (29, 'Gabriela Fernández', 9),
    (30, 'Roberto Sánchez', 10),
    (31, 'Luisa González', 1),
    (32, 'Diego Martínez', 2),
    (33, 'Valeria Pérez', 3),
    (34, 'Jorge López', 4),
    (35, 'Mariana Ramírez', 5),
    (36, 'Ángel Torres', 6),
    (37, 'Natalia Fernández', 7),
    (38, 'Alejandro Rodríguez', 8),
    (39, 'Camila García', 9),
    (40, 'Eduardo Martínez', 10),
    (41, 'Lorena López', 1),
    (42, 'Francisco Sánchez', 2),
    (43, 'Lucía Torres', 3),
    (44, 'Roberto González', 4),
    (45, 'Isabel Ramírez', 5),
    (46, 'Andrés Rodríguez', 6),
    (47, 'Cecilia Martínez', 7),
    (48, 'Gustavo López', 8),
    (49, 'Natalia Pérez', 9),
    (50, 'Alex Fernández', 10),
    (51, 'Mariana Salazar', 5),
    (52, 'Roberto Medina', 5),
    (53, 'Verónica Ríos', 5),
    (54, 'Joaquín Herrera', 5),
    (55, 'Carolina Paredes', 5),
    (56, 'Eduardo Mendoza', 5),
    (57, 'Isabella Ortiz', 5),
    (58, 'Maximiliano Ramos', 5),
    (59, 'Renata Soto', 5),
    (60, 'Mateo Vargas', 5),
    (61, 'Valentina Torres', 5),
    (62, 'Sebastián Jiménez', 5),
    (63, 'Camila Silva', 5),
    (64, 'Felipe González', 5),
    (65, 'Diana Castro', 5),
    (66, 'Daniel López', 5),
    (67, 'Valeria Martínez', 5),
    (68, 'Axel Pérez', 5),
    (69, 'Ximena Flores', 5),
    (70, 'Nicolás Ramírez', 5),
    (71, 'Fernanda Guzmán', 5),
    (72, 'Gabriel Nuñez', 5),
    (73, 'Sara Díaz', 5),
    (74, 'Tomás Ortega', 5),
    (75, 'Amanda Reyes', 5);


-- Inserción de 25 comunas en tiendas comerciales (ID_COMUNA del 1 al 25)
INSERT INTO Comuna (ID_COMUNA, localidad_nombre) VALUES
    (1, 'Santiago'),
    (2, 'Providencia'),
    (3, 'Las Condes'),
    (4, 'La Reina'),
    (5, 'Ñuñoa'),
    (6, 'Maipú'),
    (7, 'Quilicura'),
    (8, 'Renca'),
    (9, 'La Florida'),
    (10, 'Puente Alto'),
    (11, 'Peñalolén'),
    (12, 'La Cisterna'),
    (13, 'Macul'),
    (14, 'Huechuraba'),
    (15, 'Independencia'),
    (16, 'San Joaquín'),
    (17, 'La Granja'),
    (18, 'Lo Espejo'),
    (19, 'Cerro Navia'),
    (20, 'Quinta Normal'),
    (21, 'Lo Prado'),
    (22, 'Estación Central'),
    (23, 'San Bernardo'),
    (24, 'El Bosque'),
    (25, 'Pedro Aguirre Cerda');



-- Insertar 50 ejemplos en la tabla Vendedor con IDs de Vendedor y Empleado
INSERT INTO Vendedor (ID_VENDEDOR, ID_EMPLEADO) VALUES
    (1, 5),
    (2, 15),
    (3, 25),
    (4, 35),
    (5, 45),
    (6, 51),
    (7, 52),
    (8, 53),
    (9, 54),
    (10, 55),
    (11, 56),
    (12, 57),
    (13, 58),
    (14, 59),
    (15, 60),
    (16, 61),
    (17, 62),
    (18, 63),
    (19, 64),
    (20, 65),
    (21, 66),
    (22, 67),
    (23, 68),
    (24, 69),
    (25, 70),
    (26, 71),
    (27, 72),
    (28, 73),
    (29, 74),
    (30, 75);

-- Insertar 50 ejemplos de ventas
INSERT INTO Venta (ID_VENTA, ID_DOC, ID_TIENDA, Fecha) VALUES
    (1, 1, 1, '2019-01-15'),
    (2, 2, 2, '2019-02-20'),
    (3, 3, 3, '2019-03-10'),
    (4, 4, 4, '2019-04-05'),
    (5, 5, 5, '2019-05-12'),
    (6, 6, 6, '2019-06-18'),
    (7, 7, 7, '2019-07-25'),
    (8, 8, 8, '2019-08-30'),
    (9, 9, 9, '2019-09-02'),
    (10, 10, 10, '2019-10-10'),
    (11, 11, 11, '2019-11-15'),
    (12, 12, 12, '2019-12-20'),
    (13, 13, 13, '2020-01-10'),
    (14, 14, 14, '2020-02-05'),
    (15, 15, 15, '2020-03-12'),
    (16, 16, 1, '2020-04-18'),
    (17, 17, 2, '2020-05-25'),
    (18, 18, 3, '2020-06-30'),
    (19, 19, 4, '2020-07-02'),
    (20, 20, 5, '2020-08-10'),
    (21, 21, 6, '2020-09-15'),
    (22, 22, 7, '2020-10-20'),
    (23, 23, 8, '2020-11-25'),
    (24, 24, 9, '2020-12-30'),
    (25, 25, 10, '2021-01-05'),
    (26, 26, 11, '2021-02-10'),
    (27, 27, 12, '2021-03-15'),
    (28, 26, 13, '2021-04-20'),
    (29, 29, 14, '2021-05-25'),
    (30, 30, 15, '2021-06-30'),
    (31, 31, 1, '2021-07-05'),
    (32, 32, 2, '2021-08-10'),
    (33, 33, 3, '2021-09-15'),
    (34, 34, 4, '2021-10-20'),
    (35, 35, 5, '2021-11-25'),
    (36, 36, 6, '2021-12-30'),
    (37, 37, 7, '2022-01-05'),
    (38, 38, 8, '2022-02-10'),
    (39, 39, 9, '2022-03-15'),
    (40, 40, 10, '2022-04-20'),
    (41, 41, 11, '2022-05-25'),
    (42, 42, 12, '2022-06-30'),
    (43, 43, 13, '2022-07-05'),
    (44, 44, 14, '2022-08-10'),
    (45, 45, 15, '2022-09-15'),
    (46, 46, 1, '2022-10-20'),
    (47, 47, 2, '2022-11-25'),
    (48, 48, 3, '2022-12-30'),
    (49, 49, 4, '2023-01-05'),
    (50, 50, 5, '2023-02-10'),
    (51, 51, 6, '2023-09-01'),
    (52, 52, 7, '2023-09-02'),
    (53, 53, 8, '2023-09-03'),
    (54, 54, 9, '2023-09-04'),
    (55, 55, 10, '2023-09-05'),
    (56, 56, 11, '2023-09-06'),
    (57, 57, 12, '2023-09-07'),
    (58, 58, 13, '2023-09-08'),
    (59, 59, 14, '2023-09-09'),
    (60, 60, 15, '2023-09-10'),
    (61, 61, 1, '2023-09-11'),
    (62, 62, 2, '2023-09-12'),
    (63, 63, 3, '2023-09-13'),
    (64, 64, 4, '2023-09-14'),
    (65, 65, 5, '2023-09-15'),
    (66, 66, 6, '2023-09-16'),
    (67, 67, 7, '2023-09-17'),
    (68, 68, 8, '2023-09-18'),
    (69, 69, 9, '2023-09-19'),
    (70, 70, 10, '2023-09-20'),
    (71, 71, 11, '2023-09-21'),
    (72, 72, 12, '2023-09-22'),
    (73, 73, 13, '2023-09-23'),
    (74, 74, 14, '2023-09-24'),
    (75, 75, 15, '2023-09-25'),
    (76, 76, 1, '2023-09-26'),
    (77, 77, 2, '2023-09-27'),
    (78, 78, 3, '2023-09-28'),
    (79, 79, 4, '2023-09-29'),
    (80, 80, 5, '2023-09-30'),
    (81, 81, 6, '2023-10-01'),
    (82, 82, 7, '2023-10-02'),
    (83, 83, 8, '2023-10-03'),
    (84, 84, 9, '2023-10-04'),
    (85, 85, 10, '2023-10-05'),
    (86, 86, 11, '2023-10-06'),
    (87, 87, 12, '2023-10-07'),
    (88, 88, 13, '2023-10-08'),
    (89, 89, 14, '2023-10-09'),
    (90, 90, 15, '2023-10-10'),
    (91, 91, 1, '2023-10-11'),
    (92, 92, 2, '2023-10-12'),
    (93, 93, 3, '2023-10-13'),
    (94, 94, 4, '2023-10-14'),
    (95, 95, 5, '2023-10-15'),
    (96, 96, 6, '2023-10-16'),
    (97, 97, 7, '2023-10-17'),
    (98, 98, 8, '2023-10-18'),
    (99, 99, 9, '2023-10-19'),
    (100, 100, 10, '2023-10-20');


-- Insertar 100 ejemplos en la tabla Prod_Venta
INSERT INTO Prod_Venta (ID_PROD, ID_VENTA, ID_VENDEDOR)
VALUES
    (50, 1, 6),
    (49, 2, 7),
    (48, 3, 8),
    (47, 4, 9),
    (46, 5, 10),
    (45, 6, 11),
    (44, 7, 12),
    (43, 8, 13),
    (42, 9, 14),
    (41, 10, 15),
    (40, 11, 16),
    (39, 12, 17),
    (38, 13, 18),
    (37, 14, 19),
    (36, 15, 20),
    (35, 16, 21),
    (34, 17, 22),
    (33, 18, 23),
    (32, 19, 24),
    (31, 20, 25),
    (30, 21, 26),
    (29, 22, 27),
    (28, 23, 28),
    (27, 24, 29),
    (26, 25, 30),
    (25, 26, 16),
    (24, 27, 17),
    (23, 28, 18),
    (22, 29, 19),
    (21, 30, 1),
    (20, 31, 6),
    (19, 32, 7),
    (18, 33, 8),
    (17, 34, 9),
    (16, 35, 5),
    (15, 36, 11),
    (14, 37, 12),
    (13, 38, 13),
    (12, 39, 14),
    (11, 40, 3),
    (10, 41, 16),
    (9, 42, 17),
    (8, 43, 18),
    (7, 44, 19),
    (6, 45, 2),
    (5, 46, 21),
    (4, 47, 22),
    (3, 48, 23),
    (2, 49, 24),
    (1, 50, 10),
    (50, 51, 11),
    (49, 52, 12),
    (48, 53, 13),
    (47, 54, 14),
    (46, 55, 4),
    (45, 56, 16),
    (44, 57, 17),
    (43, 58, 18),
    (42, 59, 19),
    (41, 60, 1),
    (40, 61, 21),
    (39, 62, 22),
    (38, 63, 23),
    (37, 64, 24),
    (36, 65, 25),
    (35, 66, 26),
    (34, 67, 27),
    (33, 68, 28),
    (32, 69, 29),
    (31, 70, 30),
    (30, 71, 16),
    (29, 72, 17),
    (28, 73, 18),
    (27, 74, 19),
    (26, 75, 20),
    (25, 76, 6),
    (24, 77, 7),
    (23, 78, 8),
    (22, 79, 9),
    (21, 80, 5),
    (20, 81, 26),
    (19, 82, 27),
    (18, 83, 28),
    (17, 84, 14),
    (16, 85, 15),
    (15, 86, 16),
    (14, 87, 17),
    (13, 88, 18),
    (12, 89, 19),
    (11, 90, 1),
    (10, 91, 6),
    (9, 92, 22),
    (8, 93, 23),
    (7, 94, 9),
    (6, 95, 10),
    (5, 96, 26),
    (4, 97, 12),
    (3, 98, 13),
    (2, 99, 29),
    (1, 100, 3),
    (1, 1, 6),
    (1, 2, 7),
    (2, 3, 8),
    (3, 4, 9),
    (4, 5, 10),
    (5, 6, 11),
    (2, 7, 12),
    (4, 8, 13),
    (6, 9, 14),
    (1, 10, 15),
    (6, 11, 16),
    (6, 12, 17),
    (1, 13, 18),
    (22, 14, 19),
    (1, 15, 20),
    (4, 16, 21),
    (1, 17, 22),
    (5, 18, 23),
    (2, 19, 24),
    (50, 20, 25),
    (6, 21, 26),
    (1, 22, 27),
    (21, 23, 28),
    (33, 24, 29),
    (23, 25, 30),
    (14, 26, 16),
    (17, 27, 17),
    (30, 28, 18),
    (22, 29, 19),
    (1, 30, 1),
    (15, 31, 6),
    (48, 32, 7),
    (39, 33, 8),
    (26, 34, 9),
    (12, 35, 5),
    (19, 36, 11),
    (37, 37, 12),
    (45, 38, 13),
    (20, 39, 14),
    (32, 40, 3),
    (5, 41, 16),
    (36, 42, 17),
    (24, 43, 18),
    (49, 44, 19),
    (28, 45, 2),
    (34, 46, 21),
    (40, 47, 22),
    (41, 48, 23),
    (47, 49, 24),
    (43, 50, 10);

-- Generar 100 sueldos aleatorios para empleados existentes
INSERT INTO Sueldo (ID_SUELDO, cantidad, fecha_pago, ID_EMPLEADO)
VALUES
    (1, 700000, '2023-09-15', 1),
    (2, 750000, '2023-09-16', 2),
    (3, 720000, '2023-09-17', 3),
    (4, 710000, '2023-09-18', 4),
    (5, 800000, '2023-09-19', 5),
    (6, 690000, '2023-09-20', 6),
    (7, 730000, '2023-09-21', 7),
    (8, 760000, '2023-09-22', 8),
    (9, 790000, '2023-09-23', 9),
    (10, 820000, '2023-09-24', 10),
    (11, 710000, '2023-09-25', 11),
    (12, 750000, '2023-09-26', 12),
    (13, 720000, '2023-09-27', 13),
    (14, 740000, '2023-09-28', 14),
    (15, 780000, '2023-09-29', 15),
    (16, 690000, '2023-09-30', 16),
    (17, 730000, '2023-10-01', 17),
    (18, 770000, '2023-10-02', 18),
    (19, 800000, '2023-10-03', 19),
    (20, 850000, '2023-10-04', 20),
    (21, 720000, '2023-10-05', 21),
    (22, 760000, '2023-10-06', 22),
    (23, 740000, '2023-10-07', 23),
    (24, 780000, '2023-10-08', 24),
    (25, 810000, '2023-10-09', 25),
    (26, 700000, '2023-10-10', 26),
    (27, 730000, '2023-10-11', 27),
    (28, 770000, '2023-10-12', 28),
    (29, 800000, '2023-10-13', 29),
    (30, 850000, '2023-10-14', 30),
    (31, 710000, '2023-10-15', 31),
    (32, 750000, '2023-10-16', 32),
    (33, 720000, '2023-10-17', 33),
    (34, 740000, '2023-10-18', 34),
    (35, 780000, '2023-10-19', 35),
    (36, 690000, '2023-10-20', 36),
    (37, 730000, '2023-10-21', 37),
    (38, 770000, '2023-10-22', 38),
    (39, 800000, '2023-10-23', 39),
    (40, 850000, '2023-10-24', 40),
    (41, 720000, '2023-10-25', 41),
    (42, 760000, '2023-10-26', 42),
    (43, 740000, '2023-10-27', 43),
    (44, 780000, '2023-10-28', 44),
    (45, 810000, '2023-10-29', 45),
    (46, 700000, '2023-10-30', 46),
    (47, 730000, '2023-10-31', 47),
    (48, 770000, '2023-11-01', 48),
    (49, 800000, '2023-11-02', 49),
    (50, 850000, '2023-11-03', 50),
    (51, 710000, '2023-11-04', 51),
    (52, 750000, '2023-11-05', 52),
    (53, 720000, '2023-11-06', 53),
    (54, 740000, '2023-11-07', 54),
    (55, 780000, '2023-11-08', 55),
    (56, 690000, '2023-11-09', 56),
    (57, 730000, '2023-11-10', 57),
    (58, 770000, '2023-11-11', 58),
    (59, 800000, '2023-11-12', 59),
    (60, 850000, '2023-11-13', 60),
    (61, 710000, '2023-11-14', 61),
    (62, 750000, '2023-11-15', 62),
    (63, 720000, '2023-11-16', 63),
    (64, 740000, '2023-11-17', 64),
    (65, 780000, '2023-11-18', 65),
    (66, 690000, '2023-11-19', 66),
    (67, 730000, '2023-11-20', 67),
    (68, 770000, '2023-11-21', 68),
    (69, 800000, '2023-11-22', 69),
    (70, 850000, '2023-11-23', 70),
    (71, 710000, '2023-11-24', 71),
    (72, 750000, '2023-11-25', 72),
    (73, 720000, '2023-11-26', 73),
    (74, 740000, '2023-11-27', 74),
    (75, 780000, '2023-11-28', 75),
    (76, 690000, '2023-11-29', 1),
    (77, 730000, '2023-11-30', 2),
    (78, 770000, '2023-12-01', 3),
    (79, 800000, '2023-12-02', 4),
    (80, 850000, '2023-12-03', 5),
    (81, 710000, '2023-12-04', 6),
    (82, 750000, '2023-12-05', 7),
    (83, 720000, '2023-12-06', 8),
    (84, 740000, '2023-12-07', 9),
    (85, 780000, '2023-12-08', 10),
    (86, 690000, '2023-12-09', 11),
    (87, 730000, '2023-12-10', 12),
    (88, 770000, '2023-12-11', 13),
    (89, 800000, '2023-12-12', 14),
    (90, 850000, '2023-12-13', 15),
    (91, 710000, '2023-12-14', 16),
    (92, 750000, '2023-12-15', 17),
    (93, 720000, '2023-12-16', 18),
    (94, 740000, '2023-12-17', 19),
    (95, 780000, '2023-12-18', 20),
    (96, 690000, '2023-12-19', 21),
    (97, 730000, '2023-12-20', 22),
    (98, 770000, '2023-12-21', 23),
    (99, 800000, '2023-12-22', 24),
    (100, 850000, '2023-12-23', 25);

-- Insertar 50 ejemplos en la tabla Tienda_Empleado
INSERT INTO Tienda_Empleado (ID_TIENDA, ID_EMPLEADO) VALUES
    (11, 1),
    (12, 2),
    (13, 3),
    (14, 4),
    (15, 5),
    (6, 6),
    (7, 7),
    (8, 8),
    (9, 9),
    (10, 10),
    (11, 11),
    (12, 12),
    (13, 13),
    (14, 14),
    (15, 15),
    (1, 16),
    (2, 17),
    (3, 18),
    (4, 19),
    (5, 20),
    (6, 21),
    (7, 22),
    (8, 23),
    (9, 24),
    (10, 25),
    (1, 26),
    (2, 27),
    (3, 28),
    (4, 29),
    (5, 30),
    (6, 31),
    (7, 32),
    (8, 33),
    (9, 34),
    (10, 35),
    (11, 36),
    (12, 37),
    (13, 38),
    (14, 39),
    (15, 40),
    (1, 41),
    (2, 42),
    (3, 43),
    (4, 44),
    (5, 45),
    (6, 46),
    (7, 47),
    (8, 48),
    (9, 49),
    (10, 50),
    (1, 51),
    (2, 52),
    (3, 53),
    (4, 54),
    (5, 55),
    (6, 56),
    (7, 57),
    (8, 58),
    (9, 59),
    (10, 60),
    (11, 61),
    (12, 62),
    (13, 63),
    (14, 64),
    (15, 65),
    (1, 66),
    (2, 67),
    (3, 68),
    (4, 69),
    (5, 70),
    (6, 71),
    (7, 72),
    (8, 73),
    (9, 74),
    (10, 75);

-- Inserción de 75 empleados con comunas asignadas
INSERT INTO Empleado_Comuna (ID_EMPLEADO, ID_COMUNA) VALUES
    (1, 1),
    (2, 2),
    (3, 3),
    (4, 4),
    (5, 5),
    (6, 6),
    (7, 7),
    (8, 8),
    (9, 9),
    (10, 10),
    (11, 11),
    (12, 12),
    (13, 13),
    (14, 14),
    (15, 15),
    (16, 16),
    (17, 17),
    (18, 18),
    (19, 19),
    (20, 20),
    (21, 21),
    (22, 22),
    (23, 23),
    (24, 24),
    (25, 25),
    (26, 1),
    (27, 2),
    (28, 3),
    (29, 4),
    (30, 5),
    (31, 6),
    (32, 7),
    (33, 8),
    (34, 9),
    (35, 10),
    (36, 11),
    (37, 12),
    (38, 13),
    (39, 14),
    (40, 15),
    (41, 16),
    (42, 17),
    (43, 18),
    (44, 19),
    (45, 20),
    (46, 21),
    (47, 22),
    (48, 23),
    (49, 24),
    (50, 25),
    (51, 1),
    (52, 2),
    (53, 3),
    (54, 4),
    (55, 5),
    (56, 6),
    (57, 7),
    (58, 8),
    (59, 9),
    (60, 10),
    (61, 11),
    (62, 12),
    (63, 13),
    (64, 14),
    (65, 15),
    (66, 16),
    (67, 17),
    (68, 18),
    (69, 19),
    (70, 20),
    (71, 21),
    (72, 22),
    (73, 23),
    (74, 24),
    (75, 25);


-- Inserción de datos en la tabla Tienda_Comuna
INSERT INTO Tienda_Comuna (ID_TIENDA, ID_COMUNA)
VALUES
    (1, 1),
    (2, 2),
    (3, 3),
    (4, 4),
    (5, 5),
    (6, 6),
    (7, 7),
    (8, 8),
    (9, 9),
    (10, 10),
    (11, 11),
    (12, 12),
    (13, 13),
    (14, 14),
    (15, 15),
    (1, 16),
    (2, 17),
    (3, 18),
    (4, 19),
    (5, 20),
    (6, 21),
    (7, 22),
    (8, 23),
    (9, 24),
    (10, 25),
    (11, 1),
    (12, 2),
    (13, 3),
    (14, 4),
    (15, 5);


-- Inserción manual de 100 elementos en la tabla Producto_Tienda
INSERT INTO Producto_Tienda (ID_PROD, ID_TIENDA)
VALUES
    (1, 1),
    (1, 2),
    (1, 3),
    (1, 4),
    (1, 5),
    (2, 6),
    (2, 7),
    (2, 8),
    (2, 9),
    (2, 10),
    (3, 11),
    (3, 12),
    (3, 13),
    (3, 14),
    (3, 15),
    (4, 1),
    (4, 2),
    (4, 3),
    (4, 4),
    (4, 5),
    (5, 6),
    (5, 7),
    (5, 8),
    (5, 9),
    (5, 10),
    (6, 11),
    (6, 12),
    (6, 13),
    (6, 14),
    (6, 15),
    (7, 1),
    (7, 2),
    (7, 3),
    (7, 4),
    (7, 5),
    (8, 6),
    (8, 7),
    (8, 8),
    (8, 9),
    (8, 10),
    (9, 11),
    (9, 12),
    (9, 13),
    (9, 14),
    (9, 15),
    (10, 1),
    (10, 2),
    (10, 3),
    (10, 4),
    (10, 5),
    (11, 6),
    (11, 7),
    (11, 8),
    (11, 9),
    (11, 10),
    (12, 11),
    (12, 12),
    (12, 13),
    (12, 14),
    (12, 15),
    (13, 1),
    (13, 2),
    (13, 3),
    (13, 4),
    (13, 5),
    (14, 6),
    (14, 7),
    (14, 8),
    (14, 9),
    (14, 10),
    (15, 11),
    (15, 12),
    (15, 13),
    (15, 14),
    (15, 15),
    (16, 1),
    (16, 2),
    (16, 3),
    (16, 4),
    (16, 5),
    (17, 6),
    (17, 7),
    (17, 8),
    (17, 9),
    (17, 10),
    (18, 11),
    (18, 12),
    (18, 13),
    (18, 14),
    (18, 15),
    (19, 1),
    (19, 2),
    (19, 3),
    (19, 4),
    (19, 5),
    (20, 6),
    (20, 7),
    (20, 8),
    (20, 9),
    (20, 10),
    (21, 11),
    (21, 12),
    (21, 13),
    (21, 14),
    (21, 15),
    (22, 1),
    (22, 2),
    (22, 3),
    (22, 4),
    (22, 5),
    (23, 6),
    (23, 7),
    (23, 8),
    (23, 9),
    (23, 10),
    (24, 11),
    (24, 12),
    (24, 13),
    (24, 14),
    (24, 15),
    (25, 1),
    (25, 2),
    (25, 3),
    (25, 4),
    (25, 5),
    (26, 6),
    (26, 7),
    (26, 8),
    (26, 9),
    (26, 10),
    (27, 11),
    (27, 12),
    (27, 13),
    (27, 14),
    (27, 15),
    (28, 1),
    (28, 2),
    (28, 3),
    (28, 4),
    (28, 5),
    (29, 6),
    (29, 7),
    (29, 8),
    (29, 9),
    (29, 10),
    (30, 11),
    (30, 12),
    (30, 13),
    (30, 14),
    (30, 15),
    (31, 1),
    (31, 2),
    (31, 3),
    (31, 4),
    (31, 5),
    (32, 6),
    (32, 7),
    (32, 8),
    (32, 9),
    (32, 10),
    (33, 11),
    (33, 12),
    (33, 13),
    (33, 14),
    (33, 15),
    (34, 1),
    (34, 2),
    (34, 3),
    (34, 4),
    (34, 5),
    (35, 6),
    (35, 7),
    (35, 8),
    (35, 9),
    (35, 10),
    (36, 11),
    (36, 12),
    (36, 13),
    (36, 14),
    (36, 15),
    (37, 1),
    (37, 2),
    (37, 3),
    (37, 4),
    (37, 5),
    (38, 6),
    (38, 7),
    (38, 8),
    (38, 9),
    (38, 10),
    (39, 11),
    (39, 12),
    (39, 13),
    (39, 14),
    (39, 15),
    (40, 1),
    (40, 2),
    (40, 3),
    (40, 4),
    (40, 5),
    (41, 6),
    (41, 7),
    (41, 8),
    (41, 9),
    (41, 10),
    (42, 11),
    (42, 12),
    (42, 13),
    (42, 14),
    (42, 15),
    (43, 1),
    (43, 2),
    (43, 3),
    (43, 4),
    (43, 5),
    (44, 6),
    (44, 7),
    (44, 8),
    (44, 9),
    (44, 10),
    (45, 11),
    (45, 12),
    (45, 13),
    (45, 14),
    (45, 15),
    (46, 1),
    (46, 2),
    (46, 3),
    (46, 4),
    (46, 5),
    (47, 6),
    (47, 7),
    (47, 8),
    (47, 9),
    (47, 10),
    (48, 11),
    (48, 12),
    (48, 13),
    (48, 14),
    (48, 15),
    (49, 1),
    (49, 2),
    (49, 3),
    (49, 4),
    (49, 5),
    (50, 6),
    (50, 7),
    (50, 8),
    (50, 9),
    (50, 10);

